{
  "ABIRoot": {
    "kind": "Root",
    "name": "JumioLiveness",
    "printedName": "JumioLiveness",
    "children": [
      {
        "kind": "Import",
        "name": "Foundation",
        "printedName": "Foundation",
        "declKind": "Import",
        "moduleName": "JumioLiveness",
        "declAttributes": [
          "RawDocComment"
        ]
      },
      {
        "kind": "Import",
        "name": "JumioDAClient",
        "printedName": "JumioDAClient",
        "declKind": "Import",
        "moduleName": "JumioLiveness"
      },
      {
        "kind": "Import",
        "name": "Jumio",
        "printedName": "Jumio",
        "declKind": "Import",
        "moduleName": "JumioLiveness"
      },
      {
        "kind": "TypeDecl",
        "name": "JumioLiveness",
        "printedName": "JumioLiveness",
        "children": [
          {
            "kind": "Var",
            "name": "version",
            "printedName": "version",
            "children": [
              {
                "kind": "TypeNominal",
                "name": "String",
                "printedName": "Swift.String",
                "usr": "s:SS"
              }
            ],
            "declKind": "Var",
            "usr": "s:13JumioLivenessAAC7versionSSvpZ",
            "mangledName": "$s13JumioLivenessAAC7versionSSvpZ",
            "moduleName": "JumioLiveness",
            "static": true,
            "declAttributes": [
              "HasInitialValue",
              "Final",
              "HasStorage",
              "AccessControl"
            ],
            "isLet": true,
            "hasStorage": true,
            "accessors": [
              {
                "kind": "Accessor",
                "name": "Get",
                "printedName": "Get()",
                "children": [
                  {
                    "kind": "TypeNominal",
                    "name": "String",
                    "printedName": "Swift.String",
                    "usr": "s:SS"
                  }
                ],
                "declKind": "Accessor",
                "usr": "s:13JumioLivenessAAC7versionSSvgZ",
                "mangledName": "$s13JumioLivenessAAC7versionSSvgZ",
                "moduleName": "JumioLiveness",
                "static": true,
                "implicit": true,
                "declAttributes": [
                  "Final"
                ],
                "accessorKind": "get"
              }
            ]
          },
          {
            "kind": "Constructor",
            "name": "init",
            "printedName": "init()",
            "children": [
              {
                "kind": "TypeNominal",
                "name": "JumioLiveness",
                "printedName": "JumioLiveness.JumioLiveness",
                "usr": "s:13JumioLivenessAAC"
              }
            ],
            "declKind": "Constructor",
            "usr": "s:13JumioLivenessAACABycfc",
            "mangledName": "$s13JumioLivenessAACABycfc",
            "moduleName": "JumioLiveness",
            "declAttributes": [
              "AccessControl",
              "Required"
            ],
            "init_kind": "Designated"
          },
          {
            "kind": "Function",
            "name": "setupLiveness",
            "printedName": "setupLiveness(assets:options:premiumNonce:poseResponse:serverBlobResponse:uxResponse:cameraLivenessResponse:)",
            "children": [
              {
                "kind": "TypeNominal",
                "name": "Void",
                "printedName": "()"
              },
              {
                "kind": "TypeNominal",
                "name": "Data",
                "printedName": "Foundation.Data",
                "usr": "s:10Foundation4DataV"
              },
              {
                "kind": "TypeNominal",
                "name": "Data",
                "printedName": "Foundation.Data",
                "usr": "s:10Foundation4DataV"
              },
              {
                "kind": "TypeNominal",
                "name": "Optional",
                "printedName": "Swift.String?",
                "children": [
                  {
                    "kind": "TypeNominal",
                    "name": "String",
                    "printedName": "Swift.String",
                    "usr": "s:SS"
                  }
                ],
                "usr": "s:Sq"
              },
              {
                "kind": "TypeNominal",
                "name": "Optional",
                "printedName": "(([Swift.String : Any]) -> ())?",
                "children": [
                  {
                    "kind": "TypeFunc",
                    "name": "Function",
                    "printedName": "([Swift.String : Any]) -> ()",
                    "children": [
                      {
                        "kind": "TypeNominal",
                        "name": "Void",
                        "printedName": "()"
                      },
                      {
                        "kind": "TypeNominal",
                        "name": "Dictionary",
                        "printedName": "[Swift.String : Any]",
                        "children": [
                          {
                            "kind": "TypeNominal",
                            "name": "String",
                            "printedName": "Swift.String",
                            "usr": "s:SS"
                          },
                          {
                            "kind": "TypeNominal",
                            "name": "ProtocolComposition",
                            "printedName": "Any"
                          }
                        ],
                        "usr": "s:SD"
                      }
                    ]
                  }
                ],
                "usr": "s:Sq"
              },
              {
                "kind": "TypeNominal",
                "name": "Optional",
                "printedName": "(([Swift.String : Any]) -> ())?",
                "children": [
                  {
                    "kind": "TypeFunc",
                    "name": "Function",
                    "printedName": "([Swift.String : Any]) -> ()",
                    "children": [
                      {
                        "kind": "TypeNominal",
                        "name": "Void",
                        "printedName": "()"
                      },
                      {
                        "kind": "TypeNominal",
                        "name": "Dictionary",
                        "printedName": "[Swift.String : Any]",
                        "children": [
                          {
                            "kind": "TypeNominal",
                            "name": "String",
                            "printedName": "Swift.String",
                            "usr": "s:SS"
                          },
                          {
                            "kind": "TypeNominal",
                            "name": "ProtocolComposition",
                            "printedName": "Any"
                          }
                        ],
                        "usr": "s:SD"
                      }
                    ]
                  }
                ],
                "usr": "s:Sq"
              },
              {
                "kind": "TypeNominal",
                "name": "Optional",
                "printedName": "(([Swift.String : Any]) -> ())?",
                "children": [
                  {
                    "kind": "TypeFunc",
                    "name": "Function",
                    "printedName": "([Swift.String : Any]) -> ()",
                    "children": [
                      {
                        "kind": "TypeNominal",
                        "name": "Void",
                        "printedName": "()"
                      },
                      {
                        "kind": "TypeNominal",
                        "name": "Dictionary",
                        "printedName": "[Swift.String : Any]",
                        "children": [
                          {
                            "kind": "TypeNominal",
                            "name": "String",
                            "printedName": "Swift.String",
                            "usr": "s:SS"
                          },
                          {
                            "kind": "TypeNominal",
                            "name": "ProtocolComposition",
                            "printedName": "Any"
                          }
                        ],
                        "usr": "s:SD"
                      }
                    ]
                  }
                ],
                "usr": "s:Sq"
              },
              {
                "kind": "TypeNominal",
                "name": "Optional",
                "printedName": "(([Swift.String : Any]) -> ())?",
                "children": [
                  {
                    "kind": "TypeFunc",
                    "name": "Function",
                    "printedName": "([Swift.String : Any]) -> ()",
                    "children": [
                      {
                        "kind": "TypeNominal",
                        "name": "Void",
                        "printedName": "()"
                      },
                      {
                        "kind": "TypeNominal",
                        "name": "Dictionary",
                        "printedName": "[Swift.String : Any]",
                        "children": [
                          {
                            "kind": "TypeNominal",
                            "name": "String",
                            "printedName": "Swift.String",
                            "usr": "s:SS"
                          },
                          {
                            "kind": "TypeNominal",
                            "name": "ProtocolComposition",
                            "printedName": "Any"
                          }
                        ],
                        "usr": "s:SD"
                      }
                    ]
                  }
                ],
                "usr": "s:Sq"
              }
            ],
            "declKind": "Func",
            "usr": "s:13JumioLivenessAAC05setupB06assets7options12premiumNonce12poseResponse010serverBlobI002uxI006camerabI0y10Foundation4DataV_AMSSSgySDySSypGcSgA3PtF",
            "mangledName": "$s13JumioLivenessAAC05setupB06assets7options12premiumNonce12poseResponse010serverBlobI002uxI006camerabI0y10Foundation4DataV_AMSSSgySDySSypGcSgA3PtF",
            "moduleName": "JumioLiveness",
            "declAttributes": [
              "AccessControl",
              "RawDocComment"
            ],
            "funcSelfKind": "NonMutating"
          },
          {
            "kind": "Function",
            "name": "processLiveness",
            "printedName": "processLiveness(image:depthData:)",
            "children": [
              {
                "kind": "TypeNominal",
                "name": "Void",
                "printedName": "()"
              },
              {
                "kind": "TypeNominal",
                "name": "JumioDynamicLivenessImage",
                "printedName": "any Jumio.JumioDynamicLivenessImage",
                "usr": "s:5Jumio0A20DynamicLivenessImageP"
              },
              {
                "kind": "TypeNominal",
                "name": "Optional",
                "printedName": "(any Jumio.JumioDynamicLivenessImage)?",
                "children": [
                  {
                    "kind": "TypeNominal",
                    "name": "JumioDynamicLivenessImage",
                    "printedName": "any Jumio.JumioDynamicLivenessImage",
                    "usr": "s:5Jumio0A20DynamicLivenessImageP"
                  }
                ],
                "usr": "s:Sq"
              }
            ],
            "declKind": "Func",
            "usr": "s:13JumioLivenessAAC07processB05image9depthDatay0A00a7DynamicB5Image_p_AfG_pSgtF",
            "mangledName": "$s13JumioLivenessAAC07processB05image9depthDatay0A00a7DynamicB5Image_p_AfG_pSgtF",
            "moduleName": "JumioLiveness",
            "declAttributes": [
              "AccessControl"
            ],
            "funcSelfKind": "NonMutating"
          },
          {
            "kind": "Function",
            "name": "reset",
            "printedName": "reset()",
            "children": [
              {
                "kind": "TypeNominal",
                "name": "Void",
                "printedName": "()"
              }
            ],
            "declKind": "Func",
            "usr": "s:13JumioLivenessAAC5resetyyF",
            "mangledName": "$s13JumioLivenessAAC5resetyyF",
            "moduleName": "JumioLiveness",
            "declAttributes": [
              "AccessControl"
            ],
            "funcSelfKind": "NonMutating"
          },
          {
            "kind": "Function",
            "name": "clean",
            "printedName": "clean()",
            "children": [
              {
                "kind": "TypeNominal",
                "name": "Void",
                "printedName": "()"
              }
            ],
            "declKind": "Func",
            "usr": "s:13JumioLivenessAAC5cleanyyF",
            "mangledName": "$s13JumioLivenessAAC5cleanyyF",
            "moduleName": "JumioLiveness",
            "declAttributes": [
              "AccessControl"
            ],
            "funcSelfKind": "NonMutating"
          }
        ],
        "declKind": "Class",
        "usr": "s:13JumioLivenessAAC",
        "mangledName": "$s13JumioLivenessAAC",
        "moduleName": "JumioLiveness",
        "declAttributes": [
          "AccessControl"
        ],
        "conformances": [
          {
            "kind": "Conformance",
            "name": "Copyable",
            "printedName": "Copyable",
            "usr": "s:s8CopyableP",
            "mangledName": "$ss8CopyableP"
          },
          {
            "kind": "Conformance",
            "name": "Escapable",
            "printedName": "Escapable",
            "usr": "s:s9EscapableP",
            "mangledName": "$ss9EscapableP"
          },
          {
            "kind": "Conformance",
            "name": "JumioDynamicLiveness",
            "printedName": "JumioDynamicLiveness",
            "usr": "s:5Jumio0A15DynamicLivenessP",
            "mangledName": "$s5Jumio0A15DynamicLivenessP"
          }
        ]
      },
      {
        "kind": "Import",
        "name": "Foundation",
        "printedName": "Foundation",
        "declKind": "Import",
        "moduleName": "JumioLiveness",
        "declAttributes": [
          "RawDocComment"
        ]
      },
      {
        "kind": "Import",
        "name": "Foundation",
        "printedName": "Foundation",
        "declKind": "Import",
        "moduleName": "JumioLiveness",
        "declAttributes": [
          "RawDocComment"
        ]
      },
      {
        "kind": "Import",
        "name": "JumioDAClient",
        "printedName": "JumioDAClient",
        "declKind": "Import",
        "moduleName": "JumioLiveness"
      }
    ],
    "json_format_version": 8
  },
  "ConstValues": [
    {
      "filePath": "\/Users\/ec2-user\/workspace\/_mobile-sdk-swift_release_4.13.0\/JumioLiveness\/JumioLiveness\/Classes\/JumioLiveness.swift",
      "kind": "StringLiteral",
      "offset": 298,
      "length": 8,
      "value": "\"4.13.0\""
    },
    {
      "filePath": "\/Users\/ec2-user\/workspace\/_mobile-sdk-swift_release_4.13.0\/JumioLiveness\/JumioLiveness\/Classes\/JumioLivenessOptions.swift",
      "kind": "FloatLiteral",
      "offset": 202,
      "length": 3,
      "value": "0.2"
    },
    {
      "filePath": "\/Users\/ec2-user\/workspace\/_mobile-sdk-swift_release_4.13.0\/JumioLiveness\/JumioLiveness\/Classes\/JumioLivenessOptions.swift",
      "kind": "IntegerLiteral",
      "offset": 240,
      "length": 3,
      "value": "105"
    },
    {
      "filePath": "\/Users\/ec2-user\/workspace\/_mobile-sdk-swift_release_4.13.0\/JumioLiveness\/JumioLiveness\/Classes\/JumioLivenessOptions.swift",
      "kind": "IntegerLiteral",
      "offset": 278,
      "length": 3,
      "value": "170"
    },
    {
      "filePath": "\/Users\/ec2-user\/workspace\/_mobile-sdk-swift_release_4.13.0\/JumioLiveness\/JumioLiveness\/Classes\/JumioLivenessOptions.swift",
      "kind": "IntegerLiteral",
      "offset": 314,
      "length": 2,
      "value": "65"
    },
    {
      "filePath": "\/Users\/ec2-user\/workspace\/_mobile-sdk-swift_release_4.13.0\/JumioLiveness\/JumioLiveness\/Classes\/JumioLivenessOptions.swift",
      "kind": "IntegerLiteral",
      "offset": 349,
      "length": 3,
      "value": "135"
    },
    {
      "filePath": "\/Users\/ec2-user\/workspace\/_mobile-sdk-swift_release_4.13.0\/JumioLiveness\/JumioLiveness\/Classes\/JumioLivenessOptions.swift",
      "kind": "FloatLiteral",
      "offset": 400,
      "length": 4,
      "value": "0.85"
    },
    {
      "filePath": "\/Users\/ec2-user\/workspace\/_mobile-sdk-swift_release_4.13.0\/JumioLiveness\/JumioLiveness\/Classes\/JumioLivenessOptions.swift",
      "kind": "IntegerLiteral",
      "offset": 436,
      "length": 1,
      "value": "4"
    },
    {
      "filePath": "\/Users\/ec2-user\/workspace\/_mobile-sdk-swift_release_4.13.0\/JumioLiveness\/JumioLiveness\/Classes\/JumioLivenessOptions.swift",
      "kind": "IntegerLiteral",
      "offset": 478,
      "length": 4,
      "value": "1250"
    },
    {
      "filePath": "\/Users\/ec2-user\/workspace\/_mobile-sdk-swift_release_4.13.0\/JumioLiveness\/JumioLiveness\/Classes\/JumioLivenessOptions.swift",
      "kind": "StringLiteral",
      "offset": 516,
      "length": 173,
      "value": "\"{\"nodes\":[{\"nodeName\":\"FarNearCollector\",\"settings\":{\"image_format\":\"webp\"}},{\"nodeName\":\"UserJourneyCollector\",\"settings\":{\"image_format\":\"webp\"}}]}\""
    },
    {
      "filePath": "\/Users\/ec2-user\/workspace\/_mobile-sdk-swift_release_4.13.0\/JumioLiveness\/JumioLiveness\/Classes\/JumioLivenessOptions.swift",
      "kind": "FloatLiteral",
      "offset": 757,
      "length": 3,
      "value": "0.7"
    },
    {
      "filePath": "\/Users\/ec2-user\/workspace\/_mobile-sdk-swift_release_4.13.0\/JumioLiveness\/JumioLiveness\/Classes\/JumioLivenessOptions.swift",
      "kind": "FloatLiteral",
      "offset": 788,
      "length": 3,
      "value": "0.5"
    },
    {
      "filePath": "\/Users\/ec2-user\/workspace\/_mobile-sdk-swift_release_4.13.0\/JumioLiveness\/JumioLiveness\/Classes\/JumioLivenessOptions.swift",
      "kind": "FloatLiteral",
      "offset": 819,
      "length": 3,
      "value": "0.9"
    },
    {
      "filePath": "\/Users\/ec2-user\/workspace\/_mobile-sdk-swift_release_4.13.0\/JumioLiveness\/JumioLiveness\/Classes\/JumioLivenessOptions.swift",
      "kind": "FloatLiteral",
      "offset": 892,
      "length": 4,
      "value": "0.55"
    },
    {
      "filePath": "\/Users\/ec2-user\/workspace\/_mobile-sdk-swift_release_4.13.0\/JumioLiveness\/JumioLiveness\/Classes\/JumioLivenessOptions.swift",
      "kind": "FloatLiteral",
      "offset": 924,
      "length": 4,
      "value": "0.45"
    },
    {
      "filePath": "\/Users\/ec2-user\/workspace\/_mobile-sdk-swift_release_4.13.0\/JumioLiveness\/JumioLiveness\/Classes\/JumioLivenessOptions.swift",
      "kind": "FloatLiteral",
      "offset": 956,
      "length": 4,
      "value": "0.65"
    },
    {
      "filePath": "\/Users\/ec2-user\/workspace\/_mobile-sdk-swift_release_4.13.0\/JumioLiveness\/JumioLiveness\/Classes\/DAClientWrapper.swift",
      "kind": "BooleanLiteral",
      "offset": 862,
      "length": 5,
      "value": "false"
    }
  ]
}